x1_rand_0_1000,cat_x1_250,x2_3x1_20perc,cat_x2_700,x3_4xsquared_50perc,cat_x3_500000,y
636,0,1786,0,1617977,0,"76701675,3"
514,0,1449,0,1056853,0,"40424788,3"
809,0,2271,0,2617790,0,"158072829,5"
128,1,360,1,65554,1,609781
583,0,1800,0,1359720,0,"58934558,1"
503,0,1541,0,1012178,0,"37805339,7"
111,1,335,1,49307,1,392775
494,0,1522,0,976170,0,"35800455,4"
26,1,83,1,2692,1,"4164,2"
275,0,869,0,302594,1,"6118289,7"
73,1,215,1,21301,1,"109590,2"
813,0,2592,0,2643675,0,"160131013,8"
892,0,2771,0,3182625,0,"211702260,7"
661,0,1932,0,1747967,0,"86069706,2"
771,0,2216,0,2377947,0,"136749866,8"
354,0,1115,0,501222,0,"13110036,4"
346,0,1054,0,478941,1,"12252231,7"
196,1,578,1,153761,1,"2207420,1"
79,1,238,1,24949,1,"139077,8"
810,0,2409,0,2624677,0,"158534111,5"
128,1,382,1,65489,1,"606509,7"
70,1,196,1,19566,1,"97173,4"
1000,0,2927,0,3999857,0,"298686519,9"
481,0,1472,0,925475,0,33044583
67,1,189,1,17969,1,"84881,6"
292,0,871,0,341023,1,"7351500,5"
115,1,345,1,52852,1,"437742,7"
702,0,2086,0,1971544,0,"103111397,6"
130,1,375,1,67549,1,"637729,9"
106,1,320,1,44904,1,"341315,2"
424,0,1295,0,719185,0,"22604020,7"
914,0,2817,0,3341305,0,"227812615,9"
195,1,615,1,152122,1,"2164029,7"
856,0,2684,0,2931217,0,"187018955,3"
880,0,2633,0,3097211,0,"203364783,3"
914,0,2916,0,3341592,0,"227699131,2"
348,0,990,0,484364,1,12495674
740,0,2250,0,2190323,0,"120773732,3"
365,0,1086,0,532778,0,"14405536,1"
402,0,1266,0,646537,0,"19233544,9"
933,0,2851,0,3481524,0,"242372383,3"
180,1,538,1,129553,1,"1704666,5"
514,0,1598,0,1056669,0,"40333969,3"
101,1,298,1,40810,1,"295410,5"
755,0,2205,0,2279761,0,"128366233,6"
763,0,2347,0,2328815,0,"132389683,8"
729,0,2201,0,2125626,0,"115469829,1"
419,0,1319,0,702168,0,"21790282,3"
826,0,2593,0,2728914,0,"167996154,4"
85,1,242,1,28939,1,"175418,6"
989,0,2815,0,3912343,0,289014890
820,0,2577,0,2689926,0,"164351206,8"
755,0,2337,0,2280045,0,"128246353,2"
172,1,496,1,118371,1,"1489168,3"
558,0,1672,0,1245277,0,"51687744,5"
818,0,2431,0,2676673,0,"163288744,7"
485,0,1427,0,940744,0,"33912046,1"
495,0,1480,0,980305,0,36046163
504,0,1466,0,1016144,0,"38079002,4"
792,0,2516,0,2509192,0,"148022794,4"
301,0,925,0,362313,1,"8046376,6"
78,1,221,1,24332,1,"135030,6"
8,1,23,1,257,1,"73,5"
599,0,1760,0,1434933,0,64000513
227,1,719,0,206139,1,"3426346,6"
585,0,1773,0,1368625,0,"59568644,2"
816,0,2306,0,2663783,0,"162204399,9"
340,0,1059,0,462356,1,"11613139,4"
711,0,2200,0,2022208,0,"107061850,1"
775,0,2461,0,2402842,0,"138674292,5"
811,0,2415,0,2630955,0,"159120169,8"
461,0,1399,0,849874,0,"29085201,5"
237,1,731,0,224650,1,"3909208,7"
239,1,720,0,228512,1,"4014746,9"
639,0,1863,0,1632976,0,"77744279,5"
797,0,2262,0,2540527,0,"151109195,8"
888,0,2632,0,3154207,0,"208998057,5"
837,0,2657,0,2802235,0,"174781169,6"
478,0,1443,0,914049,0,"32439560,7"
90,1,271,1,32402,1,207252
104,1,331,1,43237,1,"319870,7"
837,0,2610,0,2802161,0,174830672
558,0,1585,0,1245304,0,51744419
969,0,2804,0,3756139,0,"271759093,4"
940,0,2764,0,3534515,0,"248000712,3"
397,0,1210,0,630572,0,"18541469,1"
817,0,2354,0,2669753,0,162760266
374,0,1159,0,559389,0,"15481369,9"
814,0,2571,0,2650676,0,"160749002,6"
598,0,1793,0,1430361,0,"63654223,9"
77,1,242,1,23733,1,"127620,4"
956,0,3051,0,3656047,0,"260620729,3"
395,0,1231,0,624053,0,"18248295,6"
956,0,2846,0,3655903,0,"260862491,9"
513,0,1524,0,1052440,0,"40142437,9"
977,0,2823,0,3818315,0,"278560415,6"
561,0,1775,0,1258679,0,"52463287,2"
19,1,58,1,1444,1,"1529,3"
745,0,2250,0,2220360,0,"123257623,5"
910,0,2815,0,3312065,0,"224817661,5"
503,0,1595,0,1012167,0,"37771469,8"
371,0,1155,0,550409,0,"15107679,2"
823,0,2586,0,2708988,0,"166165949,7"
974,0,2967,0,3795118,0,"275822021,2"
974,0,2874,0,3794522,0,"275930604,2"
139,1,438,1,77240,1,"775040,9"
499,0,1433,0,995888,0,"36964340,7"
535,0,1570,0,1144711,0,"45560603,6"
341,0,973,0,465197,1,"11752720,2"
896,0,2760,0,3211562,0,214594577
679,0,1906,0,1844465,0,93371931
488,0,1384,0,952762,0,"34576466,6"
594,0,1799,0,1411269,0,"62369221,9"
633,0,2025,0,1602916,0,"75431007,7"
649,0,2034,0,1684739,0,"81348877,4"
400,0,1231,0,640030,0,"18960930,8"
697,0,2046,0,1943298,0,"100939768,5"
400,0,1227,0,640106,0,"18962904,8"
713,0,2052,0,2033778,0,"108101366,1"
511,0,1626,0,1044640,0,"39605538,1"
714,0,2245,0,2038910,0,"108394189,2"
1,1,3,1,4,1,"-1,1"
151,1,427,1,91135,1,1005533
382,0,1124,0,583663,0,"16528581,5"
947,0,2966,0,3586895,0,"253382695,2"
152,1,484,1,92351,1,"1015926,3"
10,1,28,1,402,1,"183,4"
360,0,1131,0,518462,0,13792814
917,0,2889,0,3363288,0,"229995628,5"
354,0,1105,0,501319,0,"13114486,1"
88,1,271,1,30979,1,"192851,3"
808,0,2467,0,2611833,0,"157298199,1"
407,0,1181,0,662397,0,"20013030,4"
792,0,2257,0,2509039,0,"148270020,5"
609,0,1927,0,1483577,0,"67165650,6"
454,0,1273,0,824242,0,"27831317,6"
924,0,2796,0,3415534,0,"235444737,4"
535,0,1504,0,1144783,0,"45601187,6"
519,0,1494,0,1077423,0,"41600842,8"
101,1,288,1,40774,1,"296578,9"
888,0,2689,0,3153864,0,"208937363,8"
360,0,1035,0,518406,0,"13834395,6"
43,1,121,1,7386,1,"21662,5"
355,0,997,0,503934,0,"13273254,1"
584,0,1678,0,1364394,0,"59326313,8"
605,0,1919,0,1464385,0,"65843463,8"
98,1,294,1,38419,1,"268912,3"
19,1,55,1,1451,1,"1597,8"
395,0,1221,0,623913,0,"18253185,6"
545,0,1696,0,1188297,0,48107134
464,0,1351,0,861074,0,"29690270,4"
270,0,821,0,291524,1,"5799244,2"
117,1,368,1,54771,1,"458876,2"
929,0,2827,0,3452570,0,"239276397,9"
133,1,382,1,70800,1,"683686,3"
774,0,2445,0,2396377,0,"138149479,9"
247,1,741,0,244012,1,"4435351,9"
482,0,1489,0,929127,0,"33243538,9"
106,1,306,1,44942,1,"343071,8"
440,0,1239,0,774543,0,"25325630,1"
946,0,2677,0,3579936,0,"252901888,6"
360,0,1094,0,518580,0,"13809290,8"
990,0,2853,0,3920587,0,"289853836,9"
617,0,1767,0,1522639,0,69993340
28,1,89,1,3124,1,"5313,8"
779,0,2424,0,2427148,0,"140886301,3"
169,1,475,1,114268,1,"1414344,5"
127,1,359,1,64561,1,"595194,8"
725,0,2232,0,2102802,0,"113537352,9"
309,0,895,0,381997,1,"8729083,4"
997,0,3050,0,3976397,0,"295845231,6"
712,0,2169,0,2027430,0,"107545069,2"
151,1,424,1,91275,1,"1006057,6"
606,0,1930,0,1469081,0,"66165432,9"
358,0,1030,0,512808,0,"13603914,4"
125,1,384,1,62486,1,"562694,9"
408,0,1163,0,665679,0,"20171247,7"
658,0,2053,0,1731947,0,"84797326,5"
276,0,824,0,304609,1,"6202038,5"
333,0,1043,0,443695,1,"10904610,8"
955,0,2820,0,3648084,0,"260069490,9"
13,1,40,1,675,1,"406,6"
657,0,1921,0,1726316,0,"84512601,3"
999,0,3147,0,3991520,0,"297519329,9"
455,0,1404,0,828091,0,"27947478,4"
807,0,2485,0,2605165,0,"156692854,4"
144,1,454,1,82918,1,"862863,8"
746,0,2131,0,2226056,0,"123862654,2"
602,0,1788,0,1449703,0,"64955743,9"
832,0,2602,0,2769147,0,"171701944,3"
86,1,256,1,29625,1,"180672,1"
470,0,1374,0,883727,0,"30857697,5"
518,0,1521,0,1073495,0,"41342210,9"
346,0,1024,0,478792,1,"12264684,8"
995,0,2856,0,3960533,0,"294287168,6"
295,0,900,0,348104,1,"7574522,9"
214,1,679,1,183117,1,"2866206,7"
794,0,2373,0,2522006,0,149295830
511,0,1491,0,1044463,0,"39689679,4"
682,0,1932,0,1860643,0,"94603909,9"
221,1,707,0,195332,1,"3157721,7"
97,1,306,1,37592,1,"258833,9"
837,0,2580,0,2802349,0,"174861830,8"
549,0,1624,0,1205724,0,"49233841,9"
996,0,3020,0,3967778,0,"294987078,6"
760,0,2320,0,2310754,0,"130847395,4"
756,0,2368,0,2286426,0,"128731522,6"
234,1,681,1,218916,1,"3773010,6"
860,0,2602,0,2958053,0,"189758524,5"
549,0,1700,0,1205494,0,"49183294,1"
889,0,2758,0,3161313,0,"209573429,2"
551,0,1547,0,1214558,0,"49828059,3"
293,0,897,0,343456,1,"7419550,9"
166,1,513,1,110267,1,"1330681,7"
583,0,1686,0,1359598,0,"59014026,7"
225,1,715,0,202495,1,3335192
135,1,394,1,72921,1,"714357,4"
918,0,2643,0,3370726,0,"231026172,4"
878,0,2578,0,3083641,0,"202029992,9"
493,0,1564,0,972290,0,"35554956,9"
839,0,2499,0,2815829,0,"176209498,4"
80,1,240,1,25611,1,"144641,1"
312,0,925,0,389350,1,"8979208,4"
707,0,2186,0,1999194,0,"105262173,1"
266,0,818,0,283005,1,"5540804,5"
354,0,1108,0,501113,0,"13113137,7"
984,0,3134,0,3872804,0,"284252060,4"
387,0,1229,0,599206,0,"17146013,3"
625,0,1808,0,1562690,0,"72744683,7"
499,0,1458,0,996125,0,"36949909,4"
108,1,312,1,46609,1,"363105,7"
269,0,773,0,289512,1,"5748978,1"
66,1,197,1,17425,1,"80229,5"
48,1,146,1,9224,1,"29836,8"
555,0,1605,0,1232216,0,"50894179,1"
544,0,1602,0,1183623,0,"47901836,7"
153,1,480,1,93687,1,"1037761,8"
751,0,2307,0,2256314,0,"126230606,9"
240,1,698,1,230386,1,"4072797,8"
682,0,2058,0,1860366,0,"94503334,2"
855,0,2521,0,2923882,0,"186529212,5"
222,1,672,1,197125,1,"3211710,1"
33,1,101,1,4363,1,"9177,2"
925,0,2710,0,3422060,0,"236309323,5"
21,1,60,1,1755,1,"2233,8"
152,1,477,1,92358,1,"1017272,4"
828,0,2329,0,2742530,0,"169488470,4"
789,0,2389,0,2490267,0,"146458283,2"
270,0,810,0,291700,1,5802850
281,0,811,0,315826,1,"6556450,7"
726,0,2306,0,2108389,0,"113944464,5"
689,0,1987,0,1898786,0,"97525075,5"
68,1,191,1,18518,1,"88885,2"
279,0,801,0,311231,1,"6418094,6"
875,0,2625,0,3062847,0,"199904722,2"
98,1,299,1,38371,1,"268314,5"
370,0,1127,0,547558,0,14996630
621,0,1883,0,1542681,0,"71290048,6"
351,0,1118,0,492814,1,"12772361,9"
501,0,1476,0,1003984,0,"37390133,5"
558,0,1723,0,1245480,0,"51653135,8"
495,0,1491,0,980064,0,"36039602,7"
616,0,1868,0,1517784,0,"69577362,4"
757,0,2178,0,2291848,0,"129419875,9"
578,0,1793,0,1336287,0,"57420824,5"
842,0,2507,0,2835991,0,"178110895,7"
513,0,1600,0,1052699,0,40094979
404,0,1224,0,653033,0,"19547447,3"
113,1,338,1,51023,1,"415122,6"
604,0,1826,0,1459440,0,65583748
465,0,1334,0,865071,0,"29893983,4"
847,0,2485,0,2869754,0,"181345557,3"
350,0,1086,0,490006,1,"12675621,4"
381,0,1078,0,580715,0,16417557
510,0,1560,0,1040536,0,"39412633,6"
344,0,1072,0,473461,1,"12029784,5"
390,0,1239,0,608219,0,"17549497,7"
770,0,2436,0,2371293,0,"136010210,1"
105,1,311,1,44082,1,"332351,5"
209,1,589,1,174788,1,"2686893,3"
656,0,2068,0,1721341,0,"84006934,1"
804,0,2474,0,2585367,0,"154949940,7"
144,1,450,1,82938,1,863589
648,0,1873,0,1679733,0,"81095685,1"
692,0,2129,0,1915770,0,"98697215,2"
67,1,189,1,17970,1,"84881,7"
494,0,1499,0,975920,0,35814327
222,1,649,1,197091,1,"3217783,3"
604,0,1783,0,1459280,0,"65614769,4"
276,0,806,0,304815,1,"6207927,1"
437,0,1334,0,763821,0,"24756506,8"
22,1,69,1,1947,1,"2436,9"
18,1,51,1,1298,1,"1359,2"
305,0,908,0,371958,1,"8384090,5"
828,0,2592,0,2742547,0,"169229627,5"
226,1,663,1,204328,1,"3395471,8"
835,0,2623,0,2788609,0,"173557697,6"
958,0,2965,0,3670864,0,262374215
414,0,1203,0,685485,0,"21066489,9"
900,0,2726,0,3240197,0,"217537804,5"
254,0,800,0,258039,1,"4813923,1"
992,0,3033,0,3935847,0,"291411213,3"
753,0,2224,0,2267814,0,"127324879,3"
552,0,1632,0,1218949,0,"50048192,5"
508,0,1552,0,1032234,0,"38950436,2"
322,0,906,0,414714,1,"9893178,6"
370,0,1144,0,547437,0,"14988896,5"
185,1,540,1,136938,1,"1854861,3"
488,0,1532,0,952725,0,"34490149,3"
577,0,1672,0,1331657,0,"57204058,8"
345,0,988,0,476060,1,"12171464,7"
319,0,901,0,407139,1,"9616881,4"
997,0,3060,0,3975567,0,"295832928,6"
666,0,1983,0,1774332,0,"88013464,2"
272,0,819,0,295881,1,"5932530,3"
729,0,2322,0,2125829,0,"115360392,8"
660,0,2067,0,1742536,0,"85568555,8"
349,0,1043,0,487269,1,"12583721,8"
665,0,1863,0,1768640,0,"87706597,7"
473,0,1511,0,894888,0,"31380009,7"
621,0,1858,0,1542542,0,"71308739,7"
301,0,925,0,362497,1,8046395
207,1,642,1,171427,1,"2595632,8"
88,1,259,1,30955,1,"194120,9"
37,1,118,1,5485,1,"12959,6"
613,0,1838,0,1502965,0,"68578566,8"
895,0,2708,0,3203704,0,"213928930,1"
728,0,2129,0,2120104,0,"115053987,8"
36,1,104,1,5185,1,"12352,1"
187,1,548,1,139798,1,"1915679,9"
47,1,143,1,8847,1,"27941,8"
396,0,1258,0,627246,0,"18375952,6"
226,1,711,0,204249,1,"3382273,5"
30,1,89,1,3601,1,"6875,9"
371,0,1042,0,550543,0,"15157344,8"
375,0,1118,0,562667,0,"15626594,4"
108,1,315,1,46636,1,"362732,2"
11,1,32,1,489,1,"243,4"
726,0,2220,0,2108354,0,"114022308,2"
401,0,1161,0,643118,0,"19139087,9"
684,0,2113,0,1871266,0,95298224
251,0,706,0,252094,1,"4669497,5"
31,1,98,1,3856,1,"7402,1"
134,1,422,1,71800,1,"693394,4"
384,0,1224,0,589943,0,"16746290,3"
967,0,2876,0,3740408,0,"269989084,5"
797,0,2237,0,2540650,0,"151131703,1"
997,0,3110,0,3976256,0,"295771297,5"
980,0,2971,0,3842086,0,"280976440,4"
214,1,680,1,183127,1,"2865935,9"
60,1,187,1,14380,1,"59244,2"
502,0,1406,0,1008187,0,"37657253,9"
494,0,1465,0,976360,0,"35834526,2"
731,0,2284,0,2137772,0,"116355813,3"
184,1,587,1,135500,1,"1813487,4"
804,0,2523,0,2585510,0,"154900984,4"
249,1,785,0,247887,1,"4533018,4"
743,0,2290,0,2208420,0,"122223744,1"
781,0,2305,0,2439472,0,"142095204,5"
277,0,834,0,306922,1,"6267760,9"
99,1,288,1,39247,1,"278425,6"
407,0,1298,0,662759,0,19955058
280,0,792,0,313648,1,6491512
632,0,1792,0,1597807,0,"75248318,3"
585,0,1856,0,1368781,0,"59508418,4"
328,0,1042,0,430283,1,"10412141,1"
60,1,189,1,14425,1,"59098,3"
213,1,647,1,181548,1,"2833512,1"
215,1,617,1,184891,1,"2923863,8"
416,0,1296,0,692309,0,"21330696,5"
804,0,2442,0,2585749,0,"154981441,3"
867,0,2522,0,3006835,0,"194542895,6"
328,0,939,0,430240,1,"10452945,4"
201,1,627,1,161660,1,"2373720,5"
787,0,2514,0,2477654,0,"145216747,1"
985,0,3026,0,3880576,0,"285258209,9"
24,1,69,1,2316,1,"3426,6"
611,0,1795,0,1493545,0,"67934688,8"
74,1,231,1,21921,1,"113087,1"
123,1,366,1,60532,1,"537522,1"
478,0,1354,0,914065,0,"32489348,9"
112,1,357,1,50158,1,"401004,4"
178,1,504,1,126777,1,"1653800,1"
907,0,2652,0,3290599,0,222765232
508,0,1560,0,1032173,0,"38945450,9"
108,1,336,1,46678,1,"360002,2"
626,0,1889,0,1567319,0,"73037380,5"
715,0,2019,0,2045046,0,"109046994,9"
704,0,2128,0,1982466,0,103966669
401,0,1166,0,643077,0,"19136756,8"
977,0,3079,0,3817693,0,278258171
109,1,334,1,47546,1,"370952,1"
513,0,1543,0,1052592,0,"40130798,5"
590,0,1880,0,1392397,0,"61046059,7"
301,0,881,0,362539,1,8062292
756,0,2219,0,2285803,0,"128868152,9"
678,0,2036,0,1838712,0,"92854537,6"
280,0,843,0,313643,1,"6474834,5"
802,0,2560,0,2573164,0,"153701478,8"
97,1,303,1,37598,1,"259199,9"
93,1,265,1,34642,1,"230726,3"
80,1,231,1,25612,1,145489
252,0,718,0,254075,1,"4723205,1"
978,0,2954,0,3825807,0,"279269763,1"
694,0,2050,0,1926695,0,"99628784,7"
426,0,1215,0,725875,0,"22969975,3"
212,1,644,1,179866,1,"2793477,8"
886,0,2591,0,3139776,0,"207623258,2"
217,1,654,1,188409,1,"2998791,6"
455,0,1337,0,827900,0,"27984188,7"
499,0,1489,0,996117,0,"36931637,2"
554,0,1585,0,1227518,0,50629746
805,0,2560,0,2591698,0,"155446487,3"
275,0,845,0,302434,1,"6126500,9"
242,1,681,1,234227,1,"4182416,9"
165,1,472,1,108832,1,"1313963,9"
198,1,556,1,156815,1,"2282571,9"
187,1,563,1,139952,1,"1912362,3"
960,0,2812,0,3686063,0,"264207937,5"
524,0,1649,0,1098062,0,"42729313,2"
948,0,2736,0,3594841,0,"254453762,5"
658,0,1966,0,1731537,0,"84867216,1"
464,0,1483,0,861261,0,"29615471,5"
180,1,531,1,129633,1,"1706171,1"
444,0,1385,0,788646,0,"25953734,8"
73,1,207,1,21290,1,"110264,3"
113,1,326,1,51047,1,"416718,6"
606,0,1747,0,1469216,0,"66300024,6"
776,0,2351,0,2408380,0,"139321970,6"
624,0,1920,0,1557386,0,"72309645,8"
848,0,2546,0,2876566,0,181931291
253,0,794,0,256080,1,"4757803,9"
372,0,1146,0,553625,0,"15236353,7"
958,0,2720,0,3670753,0,"262652768,9"
698,0,2027,0,1949116,0,"101393683,4"
488,0,1373,0,952699,0,"34582525,7"
177,1,527,1,125386,1,"1620562,7"
624,0,1936,0,1557739,0,"72297341,9"
972,0,2823,0,3778710,0,"274283019,6"
168,1,476,1,112950,1,"1388469,4"
581,0,1723,0,1350395,0,58378176
699,0,1994,0,1954208,0,"101859843,3"
119,1,347,1,56678,1,"487133,7"
906,0,2573,0,3283407,0,"222107499,7"
698,0,2231,0,1949130,0,"101219958,4"
391,0,1098,0,611482,0,"17752968,7"
351,0,1074,0,492949,1,12791665
832,0,2359,0,2768581,0,"171942992,3"
640,0,2031,0,1638540,0,"77982061,8"
890,0,2832,0,3168644,0,"210203519,6"
462,0,1311,0,853638,0,29324958
65,1,201,1,16914,1,"75998,7"
338,0,1056,0,457033,1,"11407017,7"
181,1,563,1,131064,1,"1728634,9"
925,0,2782,0,3422902,0,"236230322,9"
914,0,2725,0,3341894,0,"227914647,6"
83,1,237,1,27571,1,"163059,4"
76,1,237,1,23112,1,"122770,2"
276,0,827,0,304811,1,"6201068,1"
244,1,777,0,238089,1,"4261098,3"
456,0,1368,0,831616,0,"28154521,6"
228,1,671,1,208004,1,"3486457,8"
993,0,3115,0,3944039,0,292197756
418,0,1224,0,698714,0,"21680625,8"
459,0,1426,0,842635,0,28688342
487,0,1442,0,948488,0,"34329366,9"
548,0,1732,0,1200955,0,"48890108,3"
613,0,1744,0,1502871,0,68645899
742,0,2245,0,2202477,0,"121767789,1"
556,0,1727,0,1236805,0,"51091059,5"
131,1,394,1,68709,1,650251
354,0,1129,0,501365,0,"13103767,5"
532,0,1523,0,1132334,0,44819958
522,0,1508,0,1090052,0,"42325186,8"
506,0,1473,0,1024309,0,"38534749,9"
628,0,1785,0,1577660,0,"73822466,6"
485,0,1390,0,940974,0,"33932914,9"
523,0,1468,0,1094052,0,"42595100,5"
877,0,2467,0,3076548,0,"201448276,9"
967,0,2744,0,3740382,0,"270137449,9"
992,0,2942,0,3935818,0,"291519955,4"
506,0,1471,0,1024387,0,"38535935,3"
185,1,520,1,136850,1,"1859092,5"
520,0,1542,0,1081843,0,"41815031,5"
618,0,1865,0,1527855,0,"70265850,1"
727,0,2110,0,2113898,0,"114593144,7"
203,1,643,1,164828,1,"2443421,1"
207,1,657,1,171314,1,"2591724,5"
253,0,719,0,255952,1,"4780486,1"
466,0,1410,0,868550,0,"30047643,8"
903,0,2882,0,3262059,0,"219559319,2"
736,0,2198,0,2166839,0,"118856919,9"
239,1,684,1,228441,1,"4024848,6"
145,1,424,1,84097,1,887042
98,1,313,1,38419,1,"266605,7"
402,0,1127,0,646224,0,19300039
206,1,614,1,169758,1,"2564121,4"
926,0,2672,0,3430241,0,"237121940,1"
49,1,146,1,9598,1,"31991,3"
368,0,1101,0,541685,0,"14762537,9"
614,0,1932,0,1508046,0,68846943
656,0,1864,0,1721461,0,"84167371,7"
742,0,2306,0,2202494,0,"121712268,6"
279,0,784,0,311368,1,"6423497,3"
10,1,31,1,399,1,"147,7"
981,0,2946,0,3849211,0,"281871980,2"
872,0,2565,0,3041490,0,"197904758,4"
910,0,2747,0,3312812,0,"224893379,4"
849,0,2657,0,2883361,0,182464421
289,0,850,0,334064,1,"7130177,1"
113,1,359,1,51065,1,"412199,4"
831,0,2371,0,2762105,0,"171308739,6"
280,0,893,0,313701,1,"6457480,3"
151,1,459,1,91141,1,"999863,2"
146,1,439,1,85232,1,"903619,8"
885,0,2506,0,3132571,0,"207003487,4"
736,0,2252,0,2166555,0,"118808831,5"
871,0,2508,0,3034452,0,"197278325,7"
21,1,62,1,1762,1,"2185,7"
682,0,2111,0,1860666,0,"94459172,8"
257,0,757,0,264251,1,"5004193,2"
773,0,2356,0,2390446,0,"137695872,5"
898,0,2800,0,3225803,0,"215999817,9"
183,1,524,1,133926,1,"1797023,5"
471,0,1359,0,887169,0,31065474
912,0,2862,0,3326603,0,"226259609,9"
870,0,2478,0,3027927,0,"196625595,9"
901,0,2688,0,3247085,0,218309450
828,0,2381,0,2742160,0,"169439449,4"
925,0,2741,0,3422056,0,"236275526,9"
591,0,1833,0,1397266,0,"61395270,1"
166,1,483,1,110201,1,"1336651,1"
232,1,670,1,215194,1,"3677889,8"
888,0,2620,0,3154279,0,"209010669,5"
684,0,2063,0,1871114,0,"95339968,8"
469,0,1495,0,879941,0,"30589501,8"
460,0,1300,0,846454,0,"28947445,4"
149,1,419,1,88801,1,"966152,6"
439,0,1365,0,770835,0,"25085794,2"
841,0,2537,0,2829037,0,"177442626,2"
831,0,2379,0,2761952,0,"171301124,3"
277,0,800,0,307047,1,"6278884,6"
182,1,545,1,132471,1,"1762412,5"
824,0,2575,0,2716058,0,166788348
443,0,1392,0,785006,0,"25772459,9"
470,0,1468,0,883428,0,30804238
749,0,2128,0,2244136,0,"125375661,5"
698,0,2073,0,1948585,0,"101355910,3"
918,0,2730,0,3370896,0,"230932699,2"
994,0,2786,0,3952354,0,"293475211,4"
935,0,2656,0,3497112,0,"244158956,5"
177,1,524,1,125306,1,"1621185,3"
986,0,2967,0,3888964,0,"286203855,4"
460,0,1440,0,846525,0,"28870732,5"
454,0,1272,0,824261,0,"27831828,5"
11,1,33,1,485,1,230
455,0,1423,0,828141,0,"27936740,8"
88,1,274,1,30971,1,"192523,5"
877,0,2634,0,3076929,0,"201277941,6"
562,0,1760,0,1263168,0,"52758095,2"
59,1,170,1,13896,1,"57223,3"
358,0,1095,0,512507,0,"13576259,3"
263,0,752,0,276688,1,"5372002,1"
660,0,1949,0,1742082,0,85663288
441,0,1312,0,777793,0,"25463346,8"
859,0,2683,0,2951803,0,"189007416,2"
744,0,2333,0,2213837,0,"122682041,1"
773,0,2212,0,2390182,0,"137827404,5"
55,1,169,1,12127,1,45413
508,0,1622,0,1032403,0,"38906017,1"
56,1,176,1,12531,1,"47742,7"
809,0,2387,0,2617945,0,"157964779,4"
94,1,298,1,35386,1,234953
724,0,2126,0,2096679,0,"113156719,9"
173,1,492,1,119632,1,"1516865,5"
669,0,1971,0,1789971,0,"89227521,6"
621,0,1883,0,1542603,0,"71290040,8"
590,0,1807,0,1392456,0,"61099895,8"
467,0,1458,0,872241,0,"30216340,2"
4,1,12,1,64,1,"-3,2"
989,0,2856,0,3912161,0,"288968369,6"
518,0,1565,0,1073413,0,"41315045,9"
548,0,1602,0,1201464,0,"48976843,2"
514,0,1607,0,1056821,0,"40328215,5"
265,0,755,0,281009,1,"5496983,4"
436,0,1245,0,760189,0,"24630570,7"
796,0,2498,0,2534505,0,"150312950,5"
492,0,1461,0,968430,0,"35398585,2"
840,0,2395,0,2822539,0,"176946248,9"
66,1,194,1,17419,1,"80463,5"
833,0,2542,0,2775534,0,"172388061,7"
296,0,896,0,350586,1,"7654796,2"
579,0,1845,0,1340848,0,"57684641,5"
406,0,1289,0,659338,0,"19810654,4"
662,0,2015,0,1752786,0,86398492
839,0,2670,0,2815279,0,"176032663,6"
938,0,2681,0,3519126,0,246502462
178,1,545,1,126794,1,1645200
961,0,2897,0,3694503,0,"264942032,8"
226,1,710,0,204264,1,"3382559,2"
175,1,537,1,122505,1,"1562389,2"
587,0,1687,0,1378239,0,60247231
69,1,197,1,19051,1,92696
168,1,533,1,112852,1,1376957
429,0,1235,0,736048,0,"23454636,5"
434,0,1291,0,753430,0,24265958
550,0,1616,0,1210241,0,"49511232,9"
855,0,2664,0,2924444,0,"186380977,7"
695,0,2179,0,1932355,0,"99954339,8"
322,0,986,0,414711,1,"9862906,3"
782,0,2225,0,2446455,0,"142718050,9"
575,0,1754,0,1322677,0,56549777
942,0,2655,0,3549651,0,"249714226,5"
393,0,1186,0,617605,0,"17989978,4"
980,0,2889,0,3841917,0,"281072527,5"
483,0,1476,0,933286,0,"33461189,5"
463,0,1481,0,857491,0,29422931
828,0,2348,0,2742688,0,"169470713,6"
167,1,506,1,111548,1,"1357186,5"
533,0,1643,0,1136595,0,"44999600,8"
248,1,737,0,246021,1,"4491865,9"
108,1,328,1,46623,1,"361059,1"
111,1,311,1,49286,1,"395873,7"
841,0,2447,0,2829127,0,"177532347,2"
668,0,2073,0,1784566,0,"88742280,4"
880,0,2543,0,3097889,0,"203458019,1"
941,0,2805,0,3542294,0,"248751910,7"
375,0,1059,0,562483,0,"15652264,6"
968,0,2768,0,3748351,0,"270954239,9"
69,1,220,1,19071,1,"90779,8"
206,1,586,1,169669,1,"2570832,5"
191,1,602,1,145969,1,"2032477,4"
138,1,429,1,76213,1,"759234,7"
859,0,2411,0,2951809,0,"189284530,4"
437,0,1248,0,764075,0,"24800942,6"
140,1,423,1,78336,1,"795247,8"
515,0,1634,0,1060764,0,"40549347,7"
957,0,2963,0,3663133,0,"261550687,4"
796,0,2323,0,2534243,0,"150481659,3"
321,0,978,0,412024,1,"9772753,9"
74,1,225,1,21884,1,"113630,6"
623,0,1897,0,1552515,0,"71976839,8"
350,0,1116,0,490042,1,12662413
378,0,1106,0,571617,0,"16015560,1"
764,0,2231,0,2335107,0,"133021161,7"
832,0,2536,0,2769043,0,"171769755,5"
566,0,1746,0,1281406,0,"53914886,2"
103,1,292,1,42461,1,"315011,4"
337,0,1022,0,454136,1,"11318342,7"
988,0,2802,0,3905018,0,"288149342,6"
83,1,258,1,27520,1,"160975,3"
710,0,2179,0,2016491,0,"106625340,9"
164,1,513,1,107605,1,"1281409,9"
653,0,2088,0,1705777,0,82832152
532,0,1568,0,1132010,0,"44792106,6"
575,0,1777,0,1322646,0,"56533531,3"
127,1,391,1,64460,1,"590384,7"
802,0,2291,0,2572745,0,"153962420,7"
122,1,369,1,59519,1,"523474,1"
214,1,669,1,183156,1,"2868906,6"
274,0,810,0,300228,1,6070050
229,1,687,1,209788,1,"3529281,7"
27,1,78,1,2929,1,4981
721,0,2155,0,2079136,0,"111720716,9"
170,1,512,1,115524,1,"1433023,6"
879,0,2507,0,3090230,0,"202797444,9"
99,1,301,1,39207,1,"276890,2"
971,0,3087,0,3771387,0,"273120808,2"
924,0,2757,0,3414835,0,"235487980,9"
2,1,6,1,17,1,"-3,1"
315,0,898,0,396818,1,"9255163,5"
401,0,1209,0,643047,0,"19116328,8"
745,0,2220,0,2219859,0,"123284393,4"
290,0,924,0,336322,1,7179577
447,0,1291,0,799459,0,"26540996,6"
300,0,921,0,360123,1,"7966364,1"
501,0,1480,0,1004021,0,"37387772,4"
291,0,863,0,338863,1,"7277583,8"
833,0,2555,0,2775729,0,172374829
122,1,390,1,59515,1,"520285,9"
143,1,422,1,81846,1,"849829,9"
770,0,2358,0,2371830,0,"136085050,2"
817,0,2465,0,2669867,0,"162653295,6"
542,0,1522,0,1174791,0,"47420208,7"
68,1,214,1,18519,1,"87022,3"
856,0,2549,0,2930871,0,"187160211,7"
373,0,1097,0,556402,0,"15383493,5"
582,0,1854,0,1355007,0,"58589247,9"
443,0,1246,0,784905,0,"25849479,4"
235,1,727,0,221014,1,"3809758,1"
653,0,1965,0,1705436,0,"82931821,7"
423,0,1267,0,715668,0,"22456599,1"
291,0,839,0,338741,1,"7285741,2"
936,0,2855,0,3504524,0,"244728004,2"
729,0,2116,0,2126108,0,"115543266,3"
192,1,600,1,147513,1,"2066117,7"
642,0,2029,0,1648337,0,"78724251,9"
675,0,2068,0,1822835,0,"91591021,2"
598,0,1887,0,1430620,0,"63585065,8"
340,0,1077,0,462244,1,"11605438,6"
386,0,1192,0,596058,0,"17029169,8"
124,1,351,1,61497,1,"553496,7"
584,0,1832,0,1364311,0,"59218197,5"
7,1,22,1,195,1,"25,6"
547,0,1734,0,1197060,0,"48618551,7"
922,0,2686,0,3400297,0,"234030344,9"
640,0,1799,0,1638146,0,"78159734,4"
111,1,332,1,49243,1,"393168,8"
585,0,1723,0,1369168,0,"59603658,5"
714,0,2104,0,2039016,0,"108516841,6"
699,0,2119,0,1954499,0,"101757047,4"
765,0,2182,0,2341123,0,133591025
985,0,3150,0,3880833,0,"285105070,8"
40,1,116,1,6388,1,"17147,6"
144,1,437,1,83009,1,"865902,3"
32,1,101,1,4094,1,"8199,6"
817,0,2433,0,2670154,0,"162684671,5"
392,0,1198,0,614544,0,17845300
654,0,1988,0,1710846,0,83298535
963,0,3081,0,3709843,0,"266389376,2"
202,1,600,1,163247,1,"2417047,1"
363,0,1067,0,527169,0,"14174663,2"
202,1,610,1,163156,1,2414618
284,0,824,0,322654,1,"6768361,4"
590,0,1701,0,1392206,0,"61174240,4"
414,0,1322,0,685723,0,"21006418,7"
709,0,2218,0,2010725,0,"106137416,4"
178,1,510,1,126799,1,"1652585,5"
540,0,1683,0,1166240,0,"46789326,2"
394,0,1228,0,621056,0,18109404
943,0,2744,0,3557184,0,"250418353,3"
18,1,55,1,1300,1,"1274,6"
294,0,917,0,345601,1,"7490037,5"
632,0,1801,0,1597595,0,"75241829,7"
546,0,1536,0,1192559,0,"48478797,5"
69,1,201,1,19052,1,"92377,7"
727,0,2239,0,2114245,0,"114480975,2"
117,1,330,1,54765,1,"464180,4"
718,0,2033,0,2062250,0,"110423476,8"
692,0,2147,0,1915202,0,"98681764,8"
403,0,1183,0,649586,0,"19420308,9"
8,1,24,1,253,1,"63,7"
943,0,2919,0,3556953,0,"250220125,2"
735,0,2279,0,2160802,0,"118296924,5"
412,0,1226,0,679035,0,"20747646,7"
448,0,1409,0,802672,0,"26657828,6"
336,0,993,0,451723,1,"11227879,3"
448,0,1295,0,802874,0,26719500
277,0,794,0,306875,1,"6280780,2"
504,0,1564,0,1016181,0,"38019618,1"
657,0,2078,0,1726336,0,"84387034,7"
397,0,1128,0,630261,0,"18579781,2"
756,0,2300,0,2286190,0,"128794983,8"
820,0,2598,0,2689722,0,"164329451,4"
727,0,2219,0,2113826,0,"114498765,3"
638,0,1972,0,1628346,0,"77293299,4"
576,0,1716,0,1326877,0,"56874649,3"
444,0,1396,0,788498,0,"25947601,8"
53,1,167,1,11254,1,"40210,7"
577,0,1742,0,1331725,0,"57156269,6"
193,1,546,1,148936,1,"2111987,5"
189,1,588,1,142931,1,1970525
728,0,2129,0,2119918,0,"115053969,2"
774,0,2439,0,2396387,0,"138155341,7"
465,0,1423,0,864690,0,"29844870,7"
770,0,2458,0,2371319,0,"135988679,1"
263,0,840,0,276706,1,"5343984,7"
223,1,690,1,198917,1,"3251541,8"
720,0,2282,0,2073428,0,111140238
939,0,2775,0,3527269,0,"247193407,6"
880,0,2792,0,3097334,0,"203192280,6"
493,0,1497,0,972436,0,"35595988,9"
116,1,358,1,53771,1,"448013,1"
788,0,2242,0,2484049,0,"146034253,7"
913,0,2862,0,3334314,0,"227009771,7"
468,0,1446,0,875906,0,30420377
281,0,825,0,315859,1,"6551873,2"
435,0,1240,0,756851,0,"24462027,6"
405,0,1256,0,656084,0,"19679138,7"
346,0,978,0,478993,1,"12283123,3"
214,1,668,1,183272,1,"2869185,6"
294,0,850,0,345822,1,"7513737,4"
701,0,1977,0,1965392,0,"102756463,7"
963,0,2709,0,3709946,0,"266820162,5"
133,1,392,1,70769,1,"682135,2"
262,0,762,0,274659,1,"5306755,5"
773,0,2332,0,2390050,0,"137718335,3"
481,0,1433,0,925508,0,"33067245,3"
437,0,1239,0,763870,0,"24805398,7"
217,1,608,1,188363,1,"3010397,4"
365,0,1038,0,532831,0,"14425931,8"
986,0,3140,0,3888995,0,"285992556,3"
259,0,737,0,268365,1,"5130396,4"
362,0,1070,0,524239,0,"14054822,3"
505,0,1568,0,1020132,0,"38246575,9"
529,0,1577,0,1119217,0,"44025302,6"
143,1,442,1,81754,1,"846364,7"
141,1,405,1,79521,1,"816113,4"
817,0,2487,0,2670044,0,"162631524,5"
752,0,2325,0,2262302,0,"126722807,6"
194,1,619,1,150596,1,"2128842,6"
602,0,1877,0,1449541,0,"64890490,7"
156,1,493,1,97351,1,"1100050,1"
266,0,817,0,283044,1,"5541135,4"
737,0,2118,0,2172962,0,"119414777,3"
354,0,1064,0,501436,0,"13132283,6"
488,0,1539,0,952718,0,"34485849,2"
629,0,1791,0,1582789,0,"74174199,4"
853,0,2627,0,2910747,0,185105992
511,0,1518,0,1044699,0,"39673454,4"
596,0,1883,0,1420801,0,"62945563,1"
866,0,2538,0,3000053,0,"193850285,3"
422,0,1297,0,712148,0,"22280207,4"
280,0,878,0,313466,1,"6462769,8"
165,1,528,1,108971,1,"1302777,8"
194,1,588,1,150560,1,"2136322,4"
211,1,626,1,178064,1,"2757610,5"
211,1,637,1,178060,1,"2754831,5"
28,1,87,1,3141,1,"5385,9"
810,0,2440,0,2624529,0,"158504032,9"
336,0,1073,0,451483,1,"11194799,3"
453,0,1434,0,820696,0,"27558701,5"
855,0,2540,0,2924332,0,"186510025,7"
326,0,923,0,425056,1,"10265912,6"
942,0,2714,0,3549893,0,"249650896,5"
759,0,2173,0,2304465,0,"130459704,4"
398,0,1126,0,633467,0,"18723209,1"
769,0,2314,0,2365198,0,"135592583,3"
266,0,762,0,283076,1,"5558507,6"
377,0,1194,0,568658,0,"15846528,5"
457,0,1302,0,835468,0,"28377703,9"
770,0,2170,0,2371869,0,"136255306,9"
338,0,1012,0,457031,1,"11425215,9"
443,0,1252,0,784923,0,"25846483,6"
97,1,294,1,37653,1,260280
25,1,74,1,2497,1,3842
442,0,1255,0,781347,0,"25668396,1"
933,0,2868,0,3481842,0,"242352970,5"
296,0,888,0,350370,1,7657629
866,0,2532,0,2999987,0,"193856362,7"
145,1,434,1,84099,1,"885326,2"
766,0,2146,0,2346804,0,134150146
127,1,383,1,64577,1,"591634,8"
252,0,711,0,254134,1,"4725211,6"
107,1,321,1,45763,1,351481
188,1,548,1,141300,1,"1947470,8"
769,0,2369,0,2365597,0,"135541110,2"
397,0,1243,0,630343,0,"18525256,4"
126,1,382,1,63547,1,"577282,7"
117,1,340,1,54756,1,"462839,5"
134,1,386,1,71868,1,"699218,8"
712,0,2258,0,2028043,0,"107466329,9"
861,0,2424,0,2965590,0,"190604618,1"
756,0,2245,0,2285857,0,"128844945,5"
676,0,1975,0,1827762,0,92077384
724,0,2192,0,2096874,0,"113099741,8"
472,0,1355,0,891278,0,"31268137,2"
402,0,1222,0,646343,0,"19255419,9"
971,0,2929,0,3770952,0,"273310870,3"
195,1,554,1,152042,1,"2178283,5"
970,0,3017,0,3763130,0,"272357755,2"
58,1,177,1,13474,1,"53615,2"
1000,0,2819,0,4000395,0,"298810687,3"
665,0,2106,0,1768777,0,87513718
400,0,1199,0,639819,0,"18976461,7"
116,1,349,1,53853,1,"449293,9"
697,0,2110,0,1943577,0,"100886599,6"
270,0,767,0,291609,1,"5816403,1"
151,1,476,1,91133,1,"996683,4"
158,1,472,1,99818,1,"1148718,6"
165,1,492,1,108920,1,"1310116,7"
812,0,2393,0,2637236,0,"159734632,2"
537,0,1584,0,1153430,0,"46069777,7"
634,0,1834,0,1607652,0,"75940085,2"
187,1,536,1,139799,1,"1918281,6"
644,0,2020,0,1658823,0,"79476797,5"
524,0,1561,0,1098093,0,"42785812,3"
1,1,3,1,4,1,"-1,1"
87,1,245,1,30293,1,"188575,2"
213,1,623,1,181474,1,"2839600,7"
939,0,2830,0,3526986,0,"247131724,3"
701,0,1974,0,1965527,0,"102758847,8"
737,0,2260,0,2172701,0,119290416
715,0,2252,0,2045197,0,"108847981,4"
717,0,2268,0,2056026,0,"109757381,7"
225,1,711,0,202600,1,"3336343,3"
515,0,1566,0,1060720,0,"40592863,3"
629,0,1881,0,1582325,0,74108057
840,0,2543,0,2822181,0,"176800048,3"
394,0,1158,0,620824,0,"18142784,8"
345,0,1044,0,476216,1,"12148721,9"
641,0,1996,0,1643404,0,"78379953,5"
346,0,1044,0,478802,1,"12256413,8"
895,0,2575,0,3204291,0,"214069516,6"
476,0,1337,0,906105,0,"32088149,5"
785,0,2331,0,2464576,0,"144280732,9"
481,0,1456,0,925551,0,"33053960,2"
50,1,140,1,9985,1,"34578,5"
580,0,1738,0,1345630,0,"58064034,2"
457,0,1364,0,835233,0,28344622
345,0,1092,0,475936,1,"12128188,3"
812,0,2539,0,2637734,0,"159590667,6"
846,0,2516,0,2863028,0,"180668972,4"
330,0,978,0,435437,1,"10633346,9"
619,0,1905,0,1532352,0,"70580427,9"
917,0,2887,0,3363801,0,"229997990,2"
177,1,503,1,125391,1,"1625507,2"
101,1,311,1,40806,1,"293826,7"
857,0,2571,0,2937486,0,"187798578,3"
258,0,773,0,266343,1,"5059182,1"
334,0,979,0,446092,1,"11030832,2"
431,0,1273,0,743065,0,23769098
549,0,1730,0,1205427,0,"49162707,4"
525,0,1479,0,1102666,0,"43083715,9"
795,0,2324,0,2528204,0,"149910587,7"
382,0,1111,0,583883,0,"16534414,5"
678,0,2106,0,1838428,0,"92796521,2"
317,0,989,0,401892,1,"9401068,9"
424,0,1332,0,719202,0,"22584582,6"
196,1,615,1,153741,1,"2198589,9"
764,0,2277,0,2334600,0,"132979637,4"
50,1,154,1,10012,1,33758
574,0,1816,0,1318081,0,"56208004,1"
217,1,643,1,188293,1,"3001633,4"
457,0,1338,0,835316,0,"28358680,7"
141,1,415,1,79507,1,814472
35,1,100,1,4897,1,"11352,2"
377,0,1097,0,568484,0,"15890956,5"
575,0,1632,0,1322238,0,"56632351,5"
150,1,464,1,89978,1,"978438,6"
428,0,1365,0,732643,0,"23221444,9"
714,0,2042,0,2038918,0,"108568242,2"
136,1,399,1,73956,1,"730192,2"
803,0,2291,0,2578911,0,154542643
965,0,2766,0,3724629,0,"268431949,2"
23,1,65,1,2118,1,"3016,9"
299,0,944,0,357638,1,"7876806,3"
42,1,127,1,7042,1,"19704,8"
202,1,570,1,163305,1,"2424072,9"
895,0,2557,0,3204236,0,"214087986,3"
354,0,1126,0,501398,0,"13105123,8"
600,0,1914,0,1440205,0,"64211341,3"
381,0,1139,0,580815,0,"16390519,6"
52,1,158,1,10803,1,"38269,9"
864,0,2548,0,2986127,0,"192491915,1"
826,0,2546,0,2728749,0,"168044444,5"
133,1,420,1,70750,1,"677586,1"
152,1,460,1,92384,1,"1020460,8"
777,0,2431,0,2414965,0,"139788774,2"
956,0,2955,0,3656003,0,"260736040,1"
911,0,2662,0,3319896,0,"225732150,1"
912,0,2770,0,3326592,0,"226363237,6"
928,0,2912,0,3444619,0,"238402138,7"
294,0,854,0,345890,1,7512381
253,0,747,0,256143,1,"4772295,6"
732,0,2320,0,2143181,0,"116804788,5"
585,0,1661,0,1368897,0,59645593
275,0,798,0,302608,1,"6141962,5"
90,1,255,1,32382,1,"208933,2"
777,0,2277,0,2414905,0,"139933774,6"
855,0,2567,0,2923696,0,"186482384,3"
754,0,2405,0,2274230,0,"127668937,2"
662,0,2025,0,1753295,0,"86390462,9"
814,0,2367,0,2650419,0,"160950447,3"
593,0,1785,0,1406875,0,"62061799,6"
407,0,1170,0,662727,0,"20018235,6"
242,1,748,0,234326,1,"4163278,2"
978,0,2807,0,3825884,0,"279439144,2"
151,1,479,1,91247,1,"996121,8"
590,0,1789,0,1392339,0,"61112829,7"
817,0,2595,0,2669979,0,"162521746,8"
28,1,88,1,3129,1,"5349,7"
716,0,2122,0,2050902,0,"109423022,2"
569,0,1697,0,1294945,0,"54819535,4"
33,1,98,1,4344,1,"9294,7"
605,0,1803,0,1463944,0,"65929770,1"
209,1,592,1,174671,1,2686173
593,0,1695,0,1406570,0,"62124409,1"
251,0,742,0,251929,1,"4659055,4"
438,0,1279,0,767452,0,"24957878,6"
758,0,2313,0,2298587,0,"129815718,5"
890,0,2778,0,3168114,0,"210264054,6"
272,0,804,0,295929,1,"5937404,1"
464,0,1424,0,861271,0,"29649775,1"
449,0,1416,0,806532,0,"26835296,7"
298,0,938,0,355163,1,"7798625,1"
391,0,1215,0,611356,0,"17698831,9"
335,0,938,0,448896,1,"11147533,3"
750,0,2400,0,2250036,0,"125635503,6"
917,0,2853,0,3363969,0,230037039
721,0,2070,0,2079093,0,"111792537,6"
843,0,2694,0,2842680,0,"178555872,9"
215,1,603,1,184941,1,"2927284,8"
835,0,2668,0,2789137,0,"173510131,4"
373,0,1053,0,556445,0,"15402417,8"
395,0,1262,0,623966,0,"18232830,3"
307,0,930,0,377121,1,8545065
751,0,2110,0,2256172,0,"126404622,5"
954,0,2821,0,3640858,0,"259247676,8"
769,0,2307,0,2365448,0,"135599077,7"